"Sheet","Section","TaskNum","Task","Role","Outcome","HasOwnOutcome","SectionHasOutcome"
"1. Discovery","The North Star - Strategic Theme and Vision","6","Define strategic level business Objectives","Business Owner","it?s aligned direction that drives measurable business impact across the organization.","True","False"
"1. Discovery","The North Star - Strategic Theme and Vision","7","Establish product vision","Product Manager","A product vision creates shared direction and purpose, enabling teams to build the right product for the right customer outcomes.
The vision drives:
Vision ? Strategy ? Roadmap ? Backlog.","True","False"
"1. Discovery","Portfolio Backlog - Epics","9","Classify epics (Functional/Non-Functional)","Product Manager","It aligns Strategy to Execution. Portfolio epics convert strategy into prioritized, outcome-driven investments that guide execution at scale. 
Strategic Alignment + Focused Investment + Measurable Business Value","True","False"
"1. Discovery","Portfolio Backlog - Epics","10","Write epic summary and description","Product Manager","","False","False"
"1. Discovery","Portfolio Backlog - Epics","11","Define business outcomes","Product Manager","","False","False"
"1. Discovery","Portfolio Backlog - Epics","12","Establish acceptance criteria","Product Manager","","False","False"
"1. Discovery","Portfolio Backlog - Epics","13","Identify leading indicators","Product Manager","","False","False"
"1. Discovery","Portfolio Backlog - Epics","14","Document non-functional requirements","Product Manager","","False","False"
"1. Discovery","Customer Centric - Design Thinking","15","Conduct Gemba/Interviews","Product Manager","Design Thinking ensures we solve the right problem with solutions customers truly value.
Empathy ? Problem Clarity ? Validated User-Centric Solution","True","False"
"1. Discovery","Customer Centric - Design Thinking","16","Create user personas","Product Manager","","False","False"
"1. Discovery","Customer Centric - Design Thinking","17","Build empathy maps","Product Manager","","False","False"
"1. Discovery","Customer Centric - Design Thinking","18","Map customer journey","Product Manager","","False","False"
"1. Discovery","Customer Centric - Design Thinking","19","Define features","Product Manager","","False","False"
"1. Discovery","Customer Centric - Design Thinking","20","Design architecture","Product Manager","","False","False"
"1. Discovery","Customer Centric - Design Thinking","21","Document customer problem","Product Manager","","False","False"
"1. Discovery","Customer Centric - Design Thinking","22","Define business impact","Product Manager","","False","False"
"1. Discovery","Setup Portfolio Kanban","23","Configure portfolio Kanban board","Agile Coach","Portfolio Kanban brings transparency and flow to strategic initiatives, enabling better prioritization and faster value delivery.
Visibility + Flow + Focus + Better Investment Decisions","True","False"
"1. Discovery","Setup Portfolio Kanban","24","Define work item types","Agile Coach","","False","False"
"1. Discovery","Setup Portfolio Kanban","25","Establish WIP limits","Agile Coach","","False","False"
"1. Discovery","Roadmap and Release Planning","26","Align features across timeline","Product Manager","It?s a coordinated, realistic plan that turns strategy into deliverable value. It alignsto  strategy and Vision.
Aligned Plan + Prioritized Value + Predictable Delivery","False","True"
"1. Discovery","Roadmap and Release Planning","27","Calculate WSJF prioritization","Product Manager","It?s a coordinated, realistic plan that turns strategy into deliverable value. It alignsto  strategy and Vision.
Aligned Plan + Prioritized Value + Predictable Delivery","False","True"
"1. Discovery","Roadmap and Release Planning","29","Identify risks and dependencies","Product Manager","It?s a coordinated, realistic plan that turns strategy into deliverable value. It alignsto  strategy and Vision.
Aligned Plan + Prioritized Value + Predictable Delivery","False","True"
"1. Discovery","Roadmap and Release Planning","30","Create PI/Quarterly roadmap","Product Manager","It?s a coordinated, realistic plan that turns strategy into deliverable value. It alignsto  strategy and Vision.
Aligned Plan + Prioritized Value + Predictable Delivery","False","True"
"1. Discovery","Roadmap and Release Planning","31","Define 2-3 year solution roadmap","Product Manager","It?s a coordinated, realistic plan that turns strategy into deliverable value. It alignsto  strategy and Vision.
Aligned Plan + Prioritized Value + Predictable Delivery","False","True"
"1. Discovery","Define Minimum Viable Product & Minimum Marketable Product","32","Define MVP for learning/validation","Product Manager","MVP helps us learn fast; MMP ensures we deliver enough value to succeed in the market.
Faster Learning + Focused Build + Confident Market Launch","True","False"
"1. Discovery","Define Minimum Viable Product & Minimum Marketable Product","33","Define MMP for market-ready value","Product Manager","","False","False"
"1. Discovery","Define Minimum Viable Product & Minimum Marketable Product","34","Align product goals with roadmap","Product Manager","","False","False"
"2. Build and Test","Features","1","Write feature summary","Product Manager","A well-defined feature turns an idea into a deliverable unit of value with clear purpose and success criteria.
Clear Value + Defined Scope + Execution Readiness","True","False"
"2. Build and Test","Features","2","Document feature description","Product Manager","","False","False"
"2. Build and Test","Features","3","Define benefit hypothesis","Product Manager","","False","False"
"2. Build and Test","Features","4","Establish feature acceptance criteria","Product Manager","","False","False"
"2. Build and Test","Software Engineering Excellence - Ways of Working","7","Backlog refinement","Product Owner","Backlog refinement ensures the team always has the right work, clearly defined and ready for development.
Clear + Prioritized + Execution-Ready Backlog","True","False"
"2. Build and Test","Software Engineering Excellence - Ways of Working","8","Apply UI/UX best practices & Wifeframes","UX Designer","Great UI/UX turns functionality into a seamless experience that users adopt, trust, and rely on.
Intuitive Experience + Higher Adoption + Better Business Results","True","False"
"2. Build and Test","Software Engineering Excellence - Ways of Working","9","Perform sprint/iteration planning","Scrum Master","Sprint planning ensures the team starts with clarity, focus, and a realistic plan to deliver value. Clear Sprint Goal.
Clear Goal + Committed Work + Execution Readiness","True","False"
"2. Build and Test","Software Engineering Excellence - Ways of Working","10","Write unit test cases (TDD)","Developer","TDD builds quality into the code from the start, enabling faster, safer, and more reliable delivery.
Built-in Quality + Faster Feedback + Confident Delivery","True","False"
"2. Build and Test","Creating Story test case","12","Implement code","Developer","Source Code with functionality ready to deploy.","True","True"
"2. Build and Test","Understand branching strategy","13","Code commit in future branch & Create pull request","Developer","Commits and pull requests ensure code changes are integrated safely, reviewed thoroughly, and continuously improved.
Controlled Integration + Quality Assurance + Collaboration","True","True"
"2. Build and Test","Understand branching strategy","14","Conduct peer review","Tech Lead","Peer reviews improve quality and spread knowledge, ensuring every change is better before it is merged.
Better Quality + Early Defect Detection + Shared Ownership","True","True"
"2. Build and Test","Understand branching strategy","15","Commit to version control","Developer","Version control commits create a reliable history of changes, enabling safe collaboration and continuous delivery.
Traceability + Safe Progress + Collaboration + Integration Readiness","True","True"
"2. Build and Test","Understand branching strategy","16","Execute Automation test cases in CI CD","Automation in CI CD Pipeline","Automated tests in CI/CD ensure every change is validated instantly, enabling fast and reliable delivery.
Continuous Quality + Faster Feedback + Safer Releases","True","True"
"2. Build and Test","Close High & Critical reported bugs from sonar & Blackduck before next deployment","17","Deploy to Dev environment","CI CD Pipeline","Fast feedback, early validation, and a constantly usable system for development and testing.
Fast Feedback + Early Validation + Continuous Integration","True","True"
"2. Build and Test","CI Pipeline Mechanics","18","Configure version control (GitHub/GitLab)","DevOps Engineer","Configuring version control establishes the foundation for secure, collaborative, and scalable software delivery.
Centralized Code + Controlled Collaboration + DevOps Enablement","True","False"
"2. Build and Test","CI Pipeline Mechanics","19","Setup automated build triggers","DevOps Engineer","Automated build triggers ensure every change is instantly validated, enabling faster and more reliable delivery.
Instant Builds + Fast Feedback + Reliable CI/CD Foundation","True","False"
"2. Build and Test","CI Pipeline Mechanics","20","Configure build tools (Maven/Gradle)","DevOps Engineer","Configuring build tools ensures every build is consistent, automated, and ready for seamless integration into the delivery pipeline.
Standardized + Automated + Reliable Build Process","True","False"
"2. Build and Test","CI Pipeline Mechanics","21","Setup CI tools (Jenkins/GitHub Actions)","DevOps Engineer","CI tools ensure every code change is automatically integrated and validated, enabling faster and more reliable delivery.
Automated Integration + Fast Feedback + Reliable Pipeline","True","False"
"2. Build and Test","CI Pipeline Mechanics","22","Implement unit test execution","DevOps Engineer","Unit test execution ensures every piece of code is validated early, enabling faster, safer, and higher-quality development.
Early Bug Detection + Built-in Quality + Safe Development","True","False"
"2. Build and Test","CI Pipeline Mechanics","23","Configure static code analysis","DevOps Engineer","it?s continuous, automated enforcement of code quality and security before the code ever runs.
Early Issue Detection + Improved Quality + Enhanced Security","True","False"
"2. Build and Test","CI Pipeline Mechanics","24","Setup artifact creation/storage","DevOps Engineer","it?s a controlled, traceable, and reusable way to manage build outputs across the delivery pipeline.
Versioned Artifacts + Reliable Deployments + Full Traceability","True","False"
"2. Build and Test","Security as Non-Functional Requirement","25","Implement SAST (Static Application Security Testing)","DevOps Engineer","SAST ensures security vulnerabilities are identified early in development, enabling safer and more reliable software delivery.
Early Vulnerability Detection + Built-in Security + Faster Mitigation","True","False"
"2. Build and Test","Security as Non-Functional Requirement","26","Configure dependency scanning","DevOps Engineer","Dependency scanning ensures third-party risks are continuously identified and controlled before they impact production.
Dependency Visibility + Risk Control + Continuous Security","True","False"
"2. Build and Test","Security as Non-Functional Requirement","27","Setup secrets management","DevOps Engineer","Secrets management ensures sensitive data is securely stored, accessed, and managed?protecting the system from credential-related risks.
Secure Secrets + Controlled Access + Reduced Risk","True","False"
"3. Continuous Deployment","Deployment Flow","1","Setup Infrastructure as Code (IaC)","DevOps Engineer","Infrastructure as Code enables fast, consistent, and reliable environment setup, making infrastructure scalable and fully controlled.
Automated + Consistent + Scalable Infrastructure","True","False"
"3. Continuous Deployment","Deployment Flow","2","Configure Dev environment","DevOps Engineer","Well-configured environments ensure smooth flow from development to release, enabling fast feedback, strong validation, and confident deployments.
Faster Development + Assured Quality + Safe & Predictable Releases","True","False"
"3. Continuous Deployment","Deployment Flow","3","Configure QA environment","DevOps Engineer","","False","False"
"3. Continuous Deployment","Deployment Flow","4","Configure Staging environment","DevOps Engineer","","False","False"
"3. Continuous Deployment","Deployment Flow","5","Configure Production environment","DevOps Engineer","","False","False"
"3. Continuous Deployment","Deployment Flow","6","Implement automated promotion pipeline","DevOps Engineer","An automated promotion pipeline ensures only validated, high-quality builds move seamlessly from development to production.
Controlled Promotion + Built-in Quality + Faster & Safer Releases","True","False"
"3. Continuous Deployment"," Advanced Validation (Non-Functional Testing)","7","Execute performance testing","Performance Engineer","Performance testing ensures the system can handle real-world load reliably, delivering consistent and scalable user experience.
Validated Performance + Scalability Confidence + Production Stability","True","False"
"3. Continuous Deployment"," Advanced Validation (Non-Functional Testing)","8","Execute load testing","Performance Engineer","Load testing ensures the system can handle expected user demand reliably without performance degradation.
Validated Real-World Performance + Stability + Capacity Confidence","True","False"
"3. Continuous Deployment"," Advanced Validation (Non-Functional Testing)","9","Execute stress testing","Performance Engineer","Stress testing reveals how the system behaves beyond its limits, enabling teams to build resilient and failure-tolerant architectures.
Known System Limits + Controlled Failure Behavior + Improved Resilience","True","False"
"3. Continuous Deployment","Compliance","10","Execute DAST (Dynamic Application Security Testing)","Security Engineer","The outcome of executing DAST (Dynamic Application Security Testing) is not just a scan result?it?s validation of application security from an external attacker?s perspective while the system is running.
Runtime Vulnerability Detection + Real Attack Simulation + Stronger Security","True","True"
"3. Continuous Deployment","Compliance","11","Validate scalability","Performance Engineer","The outcome of validating scalability is not just a test result?it is confidence that the system can grow with increasing load while maintaining performance, stability, and efficiency.
Proven Scalability + Stable Performance + Growth Confidence","True","True"
"3. Continuous Deployment","Compliance","12","Test disaster recovery","DevOps Engineer","The outcome of testing disaster recovery (DR) is not just a successful drill?it is confidence that the system can recover quickly, safely, and completely after a major failure or outage.
Proven Recovery + Controlled Data Loss + Business Continuity Assurance","True","True"
"3. Continuous Deployment","Verification Before Release","13","Setup monitoring (Prometheus Grafana)","DevOps Engineer","The outcome of setting up monitoring using Prometheus and Grafana is not just dashboards?it is real-time visibility, proactive detection, and data-driven operational control over system health and performance.
Real-Time Visibility + Faster Detection + Proactive Operations","True","False"
"3. Continuous Deployment","Verification Before Release","14","Configure logging. Validate deployment health via logs (ELK Stack Grafana)","DevOps Engineer","The outcome of configuring logging and validating deployment health using logs (e.g., Elasticsearch, Logstash, Kibana / Grafana) is not just log collection?it is complete visibility into system behavior with the ability to detect, diagnose, and validate deployment health in real time.
Centralized Logs + Deployment Validation + Faster Debugging + Full Visibility","True","False"
"3. Continuous Deployment","Verification Before Release","15","Implement tracing Telemetrics (Jaeger)","DevOps Engineer","The outcome of implementing tracing (telemetry) using Jaeger is not just tracking requests?it is end-to-end visibility of how requests flow through distributed systems, enabling fast diagnosis of performance and failure issues.
End-to-End Visibility + Faster Debugging + Performance Optimization","True","False"
"3. Continuous Deployment","Verification Before Release","17","Review metrics and alerts","DevOps Engineer","The outcome of reviewing metrics and alerts is not just looking at dashboards?it is turning operational data into actionable insights that improve system reliability, performance, and business outcomes.
Early Detection + Faster Response + Data-Driven Optimization","True","False"
"3. Continuous Deployment","Verification Before Release","18","Verify system readiness","Release Manager","The outcome of verifying system readiness is not just a checklist completion?it is confidence that the system is fully prepared, stable, secure, and capable of handling production workloads before release.
Production-Ready + Risk-Free + Fully Validated System","True","False"
"4. Release on Demand"," Strategic Release","1","Decouple deployment from release","Release Manager","Decoupling deployment from release enables faster delivery while giving the business full control over when features reach users.
Controlled Releases + Reduced Risk + Faster Delivery + Better Experimentation","True","False"
"4. Release on Demand"," Strategic Release","2","Implement feature toggles","Tech Lead","The outcome of implementing feature toggles (feature flags) is not just conditional code?it?s real-time control over feature exposure, enabling safer releases, experimentation, and faster delivery.
Controlled Release + Reduced Risk + Faster Delivery + Experimentation","True","False"
"4. Release on Demand"," Strategic Release","3","Setup A/B testing framework","Product Manager","The outcome of setting up an A/B testing framework is not just running experiments?it?s enabling data-driven decisions by validating which product changes actually improve user behavior and business outcomes.
Experimentation + Data-Driven Decisions + Improved Customer & Business Outcomes","True","False"
"4. Release on Demand"," Strategic Release","4","Plan phased rollout strategy","Release Manager","The outcome of planning a phased rollout strategy is not just a rollout plan?it?s a controlled, low-risk way to introduce changes while continuously validating impact and maintaining system stability.
Controlled Rollout + Reduced Risk + Faster Feedback + Confident Releases","True","False"
"4. Release on Demand"," Strategic Release","5","Configure canary deployments","DevOps Engineer","Canary deployments enable safe, incremental releases by validating changes with real users before full rollout.
Safe Release + Early Detection + Data-Driven Rollout + Fast Recovery","True","False"
"4. Release on Demand"," Strategic Release","6","Establish rollback procedures","DevOps Engineer","Rollback procedures ensure that any failure can be quickly reversed, minimizing impact and enabling safe, continuous delivery.
Fast Recovery + Reduced Risk + Confident Releases","True","False"
"4. Release on Demand","Stability and Enduring Value","7","Define SLAs/SLOs","Service Manager","Defining SLAs and SLOs establishes clear reliability commitments, aligning business expectations with engineering performance.
Measurable Reliability + Business Alignment + Data-Driven Operations","True","False"
"4. Release on Demand","Stability and Enduring Value","8","Monitor SLA compliance","DevOps Engineer","Monitoring SLA compliance ensures service commitments are consistently met, enabling proactive action and maintaining customer trust.
SLA Assurance + Early Detection + Faster Response + Continuous Improvement","True","False"
"4. Release on Demand","Stability and Enduring Value","9","Implement incident management","Service Manager","The outcome of implementing incident management is not just handling outages?it?s a structured, repeatable way to detect, respond to, resolve, and learn from incidents to minimize impact and improve system reliability over time.
Faster Resolution + Reduced Impact + Continuous Improvement","True","False"
"4. Release on Demand","Stability and Enduring Value","10","Execute continuous patching","DevOps Engineer","Continuous patching ensures systems remain secure, stable, and up to date by proactively addressing vulnerabilities with minimal disruption.
Continuous Security + Stability + Compliance + Reduced Risk","True","False"
"4. Release on Demand","Stability and Enduring Value","11","Conduct post-release reviews","Release Manager","The outcome of conducting post-release reviews is not just a retrospective?it?s turning every release into a learning opportunity that improves future delivery, quality, and reliability.
Learning + Improvement + Better Quality + Stronger Processes","True","False"
"4. Release on Demand","Stability and Enduring Value","12","Maintain system stability","DevOps Team","The outcome of maintaining system stability is not just keeping the system running?it?s ensuring consistent, reliable, and predictable system behavior under all operating conditions.
Reliable Operation + High Availability + Consistent Performance","True","False"
"4. Release on Demand","Closing the Loop - Feedback to CE","13","Collect user engagement metrics","Product Manager","The outcome of collecting user engagement metrics is not just gathering data?it?s understanding how users actually interact with your product, enabling informed decisions that improve experience and business outcomes.
User Insights + Better Decisions + Improved Experience + Business Growth","True","False"
"4. Release on Demand","Closing the Loop - Feedback to CE","14","Track conversion rates","Product Manager","The outcome of tracking conversion rates is not just measuring percentages?it?s understanding how effectively your product turns user actions into meaningful business outcomes.
Measurable Business Impact + Funnel Insights + Improved Conversion + Revenue Growth","True","False"
"4. Release on Demand","Closing the Loop - Feedback to CE","16","Analyze real usage data","Data Analyst","Analyzing real usage data turns customer behavior into actionable insights, enabling continuous product and business improvement.
Real User Insights + Better Decisions + Improved Experience + Business Growth","True","False"
"4. Release on Demand","Closing the Loop - Feedback to CE","17","Generate insights and improvements","Product Owner","The outcome of generating insights and improvements is not just analysis?it?s turning data into concrete actions that enhance product value, user experience, and business performance.
Actionable Insights + Continuous Improvement + Better Experience + Business Growth","True","False"
