"Sheet","TaskNum","Task","Responsible","Deliverable"
"1. Discovery","1","Define hypothesis-driven increments","Product Owner","Hypothesis Document"
"1. Discovery","2","Build prototypes/MVPs","Development Team","MVP/Prototype"
"1. Discovery","3","Measure user behavior and feedback","Product Manager","Metrics Dashboard"
"1. Discovery","4","Learn and validate insights","Product Owner","Learning Report"
"1. Discovery","5","Decide: Persevere or Pivot","Leadership","Decision Document"
"1. Discovery","6","Define business-level strategic goal","Executive Leadership","Strategic Goal Doc"
"1. Discovery","7","Establish product vision","Product Owner","Vision Statement"
"1. Discovery","8","Align vision with business strategy","Leadership Team","Alignment Document"
"1. Discovery","9","Classify epics (Functional/Non-Functional)","Product Owner","Epic Classification"
"1. Discovery","10","Write epic summary and description","Product Owner","Epic Documents"
"1. Discovery","11","Define business outcomes","Product Owner","Outcomes Document"
"1. Discovery","12","Establish acceptance criteria","Product Owner","Acceptance Criteria"
"1. Discovery","13","Identify leading indicators","Product Manager","KPI/Metrics List"
"1. Discovery","14","Document non-functional requirements","Solution Architect","NFR Document"
"1. Discovery","15","Conduct Gemba/Interviews","UX Researcher","Interview Notes"
"1. Discovery","16","Create user personas","UX Designer","Persona Documents"
"1. Discovery","17","Build empathy maps","UX Team","Empathy Maps"
"1. Discovery","18","Map customer journey","UX Designer","Journey Maps"
"1. Discovery","19","Define features","Product Owner","Feature List"
"1. Discovery","20","Design architecture","Solution Architect","Architecture Doc"
"1. Discovery","21","Document customer problem","Product Manager","Problem Statement"
"1. Discovery","22","Define business impact","Product Owner","Impact Analysis"
"1. Discovery","23","Configure portfolio Kanban board","Agile Coach","Kanban Board"
"1. Discovery","24","Define work item types","Agile Coach","Work Item Definitions"
"1. Discovery","25","Establish WIP limits","Agile Coach","WIP Policies"
"1. Discovery","26","Align features across timeline","Product Manager","Timeline View"
"1. Discovery","27","Calculate WSJF prioritization","Product Owner","WSJF Scores"
"1. Discovery","28","Assess business value","Product Owner","Value Assessment"
"1. Discovery","29","Identify risks and dependencies","Tech Lead","Risk/Dependency Log"
"1. Discovery","30","Create PI/Quarterly roadmap","Product Manager","PI Roadmap"
"1. Discovery","31","Define 2-3 year solution roadmap","Product Strategy","Long-term Roadmap"
"1. Discovery","32","Define MVP for learning/validation","Product Owner","MVP Scope"
"1. Discovery","33","Define MMP for market-ready value","Product Owner","MMP Scope"
"1. Discovery","34","Align product goals with roadmap","Product Manager","Goal Alignment Doc"
"2. Build and Test","1","Write feature summary","Product Owner","Feature Document"
"2. Build and Test","2","Document feature description","Product Owner","Feature Details"
"2. Build and Test","3","Define benefit hypothesis","Product Owner","Hypothesis Statement"
"2. Build and Test","4","Establish feature acceptance criteria","Product Owner","Acceptance Criteria"
"2. Build and Test","5","Write user story summary","Product Owner","User Stories"
"2. Build and Test","6","Define story acceptance criteria","Product Owner","Story Criteria"
"2. Build and Test","7","Conduct backlog refinement","Scrum Master","Refined Backlog"
"2. Build and Test","8","Apply UI/UX best practices","UX Designer","UI/UX Guidelines"
"2. Build and Test","9","Perform sprint/iteration planning","Scrum Team","Sprint Plan"
"2. Build and Test","10","Write unit test cases (TDD)","Developer","Unit Tests"
"2. Build and Test","11","Create technical blueprint","Tech Lead","Technical Design"
"2. Build and Test","12","Implement code","Developer","Source Code"
"2. Build and Test","13","Create pull request","Developer","PR"
"2. Build and Test","14","Conduct code review","Tech Lead","Review Comments"
"2. Build and Test","15","Commit to version control","Developer","Git Commits"
"2. Build and Test","16","Execute testing","QA Engineer","Test Results"
"2. Build and Test","17","Deploy to Dev environment","DevOps Engineer","Dev Deployment"
"2. Build and Test","18","Configure version control (GitHub/GitLab)","DevOps Engineer","Repo Setup"
"2. Build and Test","19","Setup automated build triggers","DevOps Engineer","Build Configuration"
"2. Build and Test","20","Configure build tools (Maven/Gradle)","DevOps Engineer","Build Scripts"
"2. Build and Test","21","Setup CI tools (Jenkins/GitHub Actions)","DevOps Engineer","CI Pipeline"
"2. Build and Test","22","Implement unit test execution","DevOps Engineer","Test Automation"
"2. Build and Test","23","Configure static code analysis","DevOps Engineer","Code Quality Gates"
"2. Build and Test","24","Setup artifact creation/storage","DevOps Engineer","Artifact Repository"
"2. Build and Test","25","Implement SAST (Static Application Security Testing)","Security Engineer","SAST Configuration"
"2. Build and Test","26","Configure dependency scanning","Security Engineer","Dependency Checks"
"2. Build and Test","27","Setup secrets management","Security Engineer","Vault Configuration"
"2. Build and Test","28","Verify no critical vulnerabilities (CVSS > 7)","Security Engineer","Security Report"
"2. Build and Test","29","Ensure no hardcoded secrets","Security Engineer","Secret Scan Report"
"2. Build and Test","30","Validate compliance checks","Security Engineer","Compliance Report"
"3. Continuous Deployment","1","Setup Infrastructure as Code (IaC)","DevOps Engineer","IaC Scripts"
"3. Continuous Deployment","2","Configure Dev environment","DevOps Engineer","Dev Environment"
"3. Continuous Deployment","3","Configure QA environment","DevOps Engineer","QA Environment"
"3. Continuous Deployment","4","Configure Staging environment","DevOps Engineer","Staging Environment"
"3. Continuous Deployment","5","Configure Production environment","DevOps Engineer","Prod Environment"
"3. Continuous Deployment","6","Implement automated promotion pipeline","DevOps Engineer","Promotion Pipeline"
"3. Continuous Deployment","7","Execute performance testing","Performance Engineer","Performance Report"
"3. Continuous Deployment","8","Execute load testing","Performance Engineer","Load Test Report"
"3. Continuous Deployment","9","Execute stress testing","Performance Engineer","Stress Test Report"
"3. Continuous Deployment","10","Execute DAST (Dynamic Application Security Testing)","Security Engineer","DAST Report"
"3. Continuous Deployment","11","Validate scalability","Performance Engineer","Scalability Report"
"3. Continuous Deployment","12","Test disaster recovery","DevOps Engineer","DR Test Results"
"3. Continuous Deployment","13","Setup monitoring (Prometheus)","DevOps Engineer","Monitoring Config"
"3. Continuous Deployment","14","Configure logging (ELK Stack)","DevOps Engineer","Logging Config"
"3. Continuous Deployment","15","Implement tracing (Jaeger)","DevOps Engineer","Tracing Config"
"3. Continuous Deployment","16","Validate deployment health via logs","DevOps Engineer","Log Analysis"
"3. Continuous Deployment","17","Review metrics and alerts","DevOps Engineer","Metrics Dashboard"
"3. Continuous Deployment","18","Verify system readiness","Release Manager","Readiness Report"
"4. Release on Demand","1","Decouple deployment from release","Release Manager","Release Strategy"
"4. Release on Demand","2","Implement feature toggles","Tech Lead","Feature Flags"
"4. Release on Demand","3","Setup A/B testing framework","Product Manager","A/B Test Config"
"4. Release on Demand","4","Plan phased rollout strategy","Release Manager","Rollout Plan"
"4. Release on Demand","5","Configure canary deployments","DevOps Engineer","Canary Config"
"4. Release on Demand","6","Establish rollback procedures","DevOps Engineer","Rollback Plan"
"4. Release on Demand","7","Define SLAs/SLOs","Service Manager","SLA Document"
"4. Release on Demand","8","Monitor SLA compliance","DevOps Engineer","SLA Dashboards"
"4. Release on Demand","9","Implement incident management","Service Manager","Incident Process"
"4. Release on Demand","10","Execute continuous patching","DevOps Engineer","Patch Schedule"
"4. Release on Demand","11","Conduct post-release reviews","Release Manager","Review Report"
"4. Release on Demand","12","Maintain system stability","DevOps Team","Stability Metrics"
"4. Release on Demand","13","Collect user engagement metrics","Product Manager","Engagement Data"
"4. Release on Demand","14","Track conversion rates","Product Manager","Conversion Metrics"
"4. Release on Demand","15","Monitor performance metrics","DevOps Engineer","Performance Data"
"4. Release on Demand","16","Analyze real usage data","Data Analyst","Usage Analysis"
"4. Release on Demand","17","Generate insights and improvements","Product Owner","Insights Report"
"4. Release on Demand","18","Hypothesize new ideas","Product Team","New Hypotheses"
"4. Release on Demand","19","Feed data back to Discovery phase","Product Manager","Feedback Loop Doc"
