"Sheet","TaskNum","Task","Responsible"
"1. Discovery","1","Define hypothesis-driven increments","Product Owner"
"1. Discovery","2","Build prototypes/MVPs","Development Team"
"1. Discovery","3","Measure user behavior and feedback","Product Manager"
"1. Discovery","4","Learn and validate insights","Product Owner"
"1. Discovery","5","Decide: Persevere or Pivot","Leadership"
"1. Discovery","6","Define business-level strategic goal","Executive Leadership"
"1. Discovery","7","Establish product vision","Product Owner"
"1. Discovery","8","Align vision with business strategy","Leadership Team"
"1. Discovery","9","Classify epics (Functional/Non-Functional)","Product Owner"
"1. Discovery","10","Write epic summary and description","Product Owner"
"1. Discovery","11","Define business outcomes","Product Owner"
"1. Discovery","12","Establish acceptance criteria","Product Owner"
"1. Discovery","13","Identify leading indicators","Product Manager"
"1. Discovery","14","Document non-functional requirements","Solution Architect"
"1. Discovery","15","Conduct Gemba/Interviews","UX Researcher"
"1. Discovery","16","Create user personas","UX Designer"
"1. Discovery","17","Build empathy maps","UX Team"
"1. Discovery","18","Map customer journey","UX Designer"
"1. Discovery","19","Define features","Product Owner"
"1. Discovery","20","Design architecture","Solution Architect"
"1. Discovery","21","Document customer problem","Product Manager"
"1. Discovery","22","Define business impact","Product Owner"
"1. Discovery","23","Configure portfolio Kanban board","Agile Coach"
"1. Discovery","24","Define work item types","Agile Coach"
"1. Discovery","25","Establish WIP limits","Agile Coach"
"1. Discovery","26","Align features across timeline","Product Manager"
"1. Discovery","27","Calculate WSJF prioritization","Product Owner"
"1. Discovery","28","Assess business value","Product Owner"
"1. Discovery","29","Identify risks and dependencies","Tech Lead"
"1. Discovery","30","Create PI/Quarterly roadmap","Product Manager"
"1. Discovery","31","Define 2-3 year solution roadmap","Product Strategy"
"1. Discovery","32","Define MVP for learning/validation","Product Owner"
"1. Discovery","33","Define MMP for market-ready value","Product Owner"
"1. Discovery","34","Align product goals with roadmap","Product Manager"
"2. Build and Test","1","Write feature summary","Product Owner"
"2. Build and Test","2","Document feature description","Product Owner"
"2. Build and Test","3","Define benefit hypothesis","Product Owner"
"2. Build and Test","4","Establish feature acceptance criteria","Product Owner"
"2. Build and Test","5","Write user story summary","Product Owner"
"2. Build and Test","6","Define story acceptance criteria","Product Owner"
"2. Build and Test","7","Conduct backlog refinement","Scrum Master"
"2. Build and Test","8","Apply UI/UX best practices","UX Designer"
"2. Build and Test","9","Perform sprint/iteration planning","Scrum Team"
"2. Build and Test","10","Write unit test cases (TDD)","Developer"
"2. Build and Test","11","Create technical blueprint","Tech Lead"
"2. Build and Test","12","Implement code","Developer"
"2. Build and Test","13","Create pull request","Developer"
"2. Build and Test","14","Conduct code review","Tech Lead"
"2. Build and Test","15","Commit to version control","Developer"
"2. Build and Test","16","Execute testing","QA Engineer"
"2. Build and Test","17","Deploy to Dev environment","DevOps Engineer"
"2. Build and Test","18","Configure version control (GitHub/GitLab)","DevOps Engineer"
"2. Build and Test","19","Setup automated build triggers","DevOps Engineer"
"2. Build and Test","20","Configure build tools (Maven/Gradle)","DevOps Engineer"
"2. Build and Test","21","Setup CI tools (Jenkins/GitHub Actions)","DevOps Engineer"
"2. Build and Test","22","Implement unit test execution","DevOps Engineer"
"2. Build and Test","23","Configure static code analysis","DevOps Engineer"
"2. Build and Test","24","Setup artifact creation/storage","DevOps Engineer"
"2. Build and Test","25","Implement SAST (Static Application Security Testing)","Security Engineer"
"2. Build and Test","26","Configure dependency scanning","Security Engineer"
"2. Build and Test","27","Setup secrets management","Security Engineer"
"2. Build and Test","28","Verify no critical vulnerabilities (CVSS > 7)","Security Engineer"
"2. Build and Test","29","Ensure no hardcoded secrets","Security Engineer"
"2. Build and Test","30","Validate compliance checks","Security Engineer"
"3. Continuous Deployment","1","Setup Infrastructure as Code (IaC)","DevOps Engineer"
"3. Continuous Deployment","2","Configure Dev environment","DevOps Engineer"
"3. Continuous Deployment","3","Configure QA environment","DevOps Engineer"
"3. Continuous Deployment","4","Configure Staging environment","DevOps Engineer"
"3. Continuous Deployment","5","Configure Production environment","DevOps Engineer"
"3. Continuous Deployment","6","Implement automated promotion pipeline","DevOps Engineer"
"3. Continuous Deployment","7","Execute performance testing","Performance Engineer"
"3. Continuous Deployment","8","Execute load testing","Performance Engineer"
"3. Continuous Deployment","9","Execute stress testing","Performance Engineer"
"3. Continuous Deployment","10","Execute DAST (Dynamic Application Security Testing)","Security Engineer"
"3. Continuous Deployment","11","Validate scalability","Performance Engineer"
"3. Continuous Deployment","12","Test disaster recovery","DevOps Engineer"
"3. Continuous Deployment","13","Setup monitoring (Prometheus)","DevOps Engineer"
"3. Continuous Deployment","14","Configure logging (ELK Stack)","DevOps Engineer"
"3. Continuous Deployment","15","Implement tracing (Jaeger)","DevOps Engineer"
"3. Continuous Deployment","16","Validate deployment health via logs","DevOps Engineer"
"3. Continuous Deployment","17","Review metrics and alerts","DevOps Engineer"
"3. Continuous Deployment","18","Verify system readiness","Release Manager"
"4. Release on Demand","1","Decouple deployment from release","Release Manager"
"4. Release on Demand","2","Implement feature toggles","Tech Lead"
"4. Release on Demand","3","Setup A/B testing framework","Product Manager"
"4. Release on Demand","4","Plan phased rollout strategy","Release Manager"
"4. Release on Demand","5","Configure canary deployments","DevOps Engineer"
"4. Release on Demand","6","Establish rollback procedures","DevOps Engineer"
"4. Release on Demand","7","Define SLAs/SLOs","Service Manager"
"4. Release on Demand","8","Monitor SLA compliance","DevOps Engineer"
"4. Release on Demand","9","Implement incident management","Service Manager"
"4. Release on Demand","10","Execute continuous patching","DevOps Engineer"
"4. Release on Demand","11","Conduct post-release reviews","Release Manager"
"4. Release on Demand","12","Maintain system stability","DevOps Team"
"4. Release on Demand","13","Collect user engagement metrics","Product Manager"
"4. Release on Demand","14","Track conversion rates","Product Manager"
"4. Release on Demand","15","Monitor performance metrics","DevOps Engineer"
"4. Release on Demand","16","Analyze real usage data","Data Analyst"
"4. Release on Demand","17","Generate insights and improvements","Product Owner"
"4. Release on Demand","18","Hypothesize new ideas","Product Team"
"4. Release on Demand","19","Feed data back to Discovery phase","Product Manager"
